﻿<?xml version="1.0" encoding="utf-8"?>
<CraftingPieces>
  <!-- #region Sword Pieces -->
  <!-- #region Used Sword Blade Pieces -->
  <CraftingPiece id="wood_blade_1" name="{=p2xjr5Bp}Wooden Blade" tier="1" piece_type="Blade" mesh="wood_blade_1" culture="Culture.empire" length="86.9" weight="0.4" CraftingCost="75">
    <PieceUsages unavailable_usages="" />
    <BladeData sharpness="3" physics_material="wood_weapon" body_name="bo_sword_one_handed">
      <Thrust damage_type="Blunt" damage_factor="1.000" />
      <Swing damage_type="Blunt" damage_factor="1.5" />
    </BladeData>
    <Flags>
      <Flag name="NoBlood" />
    </Flags>
    <Materials>
      <Material id="Wood" count="1" />
    </Materials>
  </CraftingPiece>
  <!--Copy of first wood blade, but made heavier-->
  <CraftingPiece id="wood_blade_2" name="{=fuIxmJ2g}Heavy Wooden Blade" tier="1" piece_type="Blade" mesh="wood_blade_1" culture="Culture.empire" length="86.9" weight="0.7" CraftingCost="75">
    <PieceUsages unavailable_usages="" />
    <BladeData sharpness="3" physics_material="wood_weapon" body_name="bo_sword_one_handed">
      <Thrust damage_type="Blunt" damage_factor="1.125" />
      <Swing damage_type="Blunt" damage_factor="1.6" />
    </BladeData>
    <Flags>
      <Flag name="NoBlood" />
    </Flags>
    <Materials>
      <Material id="Wood" count="1" />
    </Materials>
  </CraftingPiece>
  <CraftingPiece id="empire_blade_3" name="{=kuROzU1J}Simple Warsword Blade" tier="1" piece_type="Blade" mesh="empire_blade_3" culture="Culture.empire" length="91.3" weight="0.93" is_default="true">
    <PieceUsages unavailable_usages="" />
    <BuildData bottom_diff="-0.4" />
    <BladeData sharpness="3" physics_material="metal_weapon" body_name="bo_sword_one_handed" holster_mesh="empire_blade_1_scabbard_1">
      <Thrust damage_type="Pierce" damage_factor="3.000" />
      <Swing damage_type="Cut" damage_factor="2.8" />
    </BladeData>
    <Flags>
      <Flag name="Civilian" type="ItemFlags" />
    </Flags>
    <Materials>
      <Material id="Iron2" count="3" />
    </Materials>
  </CraftingPiece>
  <CraftingPiece id="vlandian_blade_1" name="{=q7jHkLam}Fullered Narrow Arming Sword Blade" tier="2" piece_type="Blade" mesh="vlandian_blade_1" culture="Culture.vlandia" length="94.6" weight="0.98">
    <PieceUsages unavailable_usages="" />
    <BladeData sharpness="3" physics_material="metal_weapon" body_name="bo_sword_one_handed" holster_mesh="vlandian_blade_1_scabbard_1">
      <Thrust damage_type="Pierce" damage_factor="2.875" />
      <Swing damage_type="Cut" damage_factor="3.1" />
    </BladeData>
    <Flags>
      <Flag name="Civilian" type="ItemFlags" />
    </Flags>
    <Materials>
      <Material id="Iron3" count="3" />
    </Materials>
  </CraftingPiece>
  <CraftingPiece id="vlandian_blade_3" name="{=mak3naEe}Wide Fullered Broad Two Hander Blade" tier="5" piece_type="Blade" mesh="vlandian_blade_3" culture="Culture.vlandia" length="99.4" weight="1.35">
    <PieceUsages unavailable_usages="" />
    <BladeData sharpness="3" physics_material="metal_weapon" body_name="bo_sword_one_handed" holster_mesh="vlandian_blade_2_scabbard_2">
      <Thrust damage_type="Pierce" damage_factor="4.000" />
      <Swing damage_type="Cut" damage_factor="4.1" />
    </BladeData>
    <Materials>
      <Material id="Iron6" count="4" />
    </Materials>
  </CraftingPiece>
  <CraftingPiece id="vlandian_blade_3_blunt" name="{=PvB0pW1Q}Wide Fullered Blunt Blade" tier="1" piece_type="Blade" mesh="vlandian_blade_3" culture="Culture.vlandia" length="100.1" weight="0.99" is_hidden="true">
    <PieceUsages unavailable_usages="" />
    <BladeData sharpness="3" physics_material="metal_weapon" body_name="bo_sword_one_handed" holster_mesh="vlandian_blade_2_scabbard_2">
      <Thrust damage_type="Blunt" damage_factor="2.375" />
      <Swing damage_type="Blunt" damage_factor="1.9" />
    </BladeData>
    <Materials>
      <Material id="Iron2" count="3" />
    </Materials>
  </CraftingPiece>
  <CraftingPiece id="vlandian_blade_4" name="{=zCYuj3yr}Ridged Tipped Arming Sword Blade" tier="3" piece_type="Blade" mesh="vlandian_blade_4" culture="Culture.vlandia" length="93.5" weight="0.95">
    <PieceUsages unavailable_usages="" />
    <BladeData sharpness="3" physics_material="metal_weapon" body_name="bo_sword_one_handed" holster_mesh="vlandian_blade_4_scabbard_4">
      <Thrust damage_type="Pierce" damage_factor="3.375" />
      <Swing damage_type="Cut" damage_factor="3.6" />
    </BladeData>
    <Flags>
      <Flag name="Civilian" type="ItemFlags" />
    </Flags>
    <Materials>
      <Material id="Iron4" count="3" />
    </Materials>
  </CraftingPiece>
  <CraftingPiece id="vlandian_blade_5" name="{=OTtMvvJK}Ridged Arming Sword Blade" tier="4" piece_type="Blade" mesh="vlandian_blade_5" culture="Culture.vlandia" length="99" weight="1.0">
    <PieceUsages unavailable_usages="" />
    <BladeData sharpness="3" physics_material="metal_weapon" body_name="bo_sword_one_handed" holster_mesh="vlandian_blade_5_scabbard_5">
      <Thrust damage_type="Pierce" damage_factor="3.500" />
      <Swing damage_type="Cut" damage_factor="3.9" />
    </BladeData>
    <Materials>
      <Material id="Iron5" count="4" />
    </Materials>
  </CraftingPiece>
  <CraftingPiece id="vlandian_blade_7" name="{=C89rbAz6}Knightly Arming Sword Blade" tier="4" piece_type="Blade" mesh="vlandian_blade_7" culture="Culture.vlandia" length="89.1" weight="0.9">
    <PieceUsages unavailable_usages="" />
    <BladeData sharpness="3" physics_material="metal_weapon" body_name="bo_sword_one_handed" holster_mesh="vlandian_blade_7_scabbard_7">
      <Thrust damage_type="Pierce" damage_factor="3.500" />
      <Swing damage_type="Cut" damage_factor="3.9" />
    </BladeData>
    <Flags>
      <Flag name="Civilian" type="ItemFlags" />
    </Flags>
    <Materials>
      <Material id="Iron5" count="3" />
    </Materials>
  </CraftingPiece>
  <CraftingPiece id="empire_blade_1" name="{=iuQE1xwL}Narrow Fullered Spatha Blade" tier="3" piece_type="Blade" mesh="empire_blade_1" culture="Culture.empire" length="92.4" weight="0.94">
    <PieceUsages unavailable_usages="" />
    <BladeData sharpness="3" physics_material="metal_weapon" body_name="bo_sword_one_handed" holster_mesh="empire_blade_1_scabbard_1">
      <Thrust damage_type="Pierce" damage_factor="3.750" />
      <Swing damage_type="Cut" damage_factor="3.4" />
    </BladeData>
    <Flags>
      <Flag name="Civilian" type="ItemFlags" />
    </Flags>
    <Materials>
      <Material id="Iron4" count="3" />
    </Materials>
  </CraftingPiece>
  <CraftingPiece id="empire_blade_4" name="{=TUbTwW9U}Flat Ridged Spatha Blade" tier="2" piece_type="Blade" mesh="empire_blade_4" culture="Culture.empire" length="91.3" weight="0.94">
    <PieceUsages unavailable_usages="" />
    <BuildData bottom_diff="-0.4" />
    <BladeData sharpness="3" physics_material="metal_weapon" body_name="bo_sword_one_handed" holster_mesh="empire_blade_1_scabbard_1">
      <Thrust damage_type="Pierce" damage_factor="3.125" />
      <Swing damage_type="Cut" damage_factor="3.0" />
    </BladeData>
    <Flags>
      <Flag name="Civilian" type="ItemFlags" />
    </Flags>
    <Materials>
      <Material id="Iron3" count="3" />
    </Materials>
  </CraftingPiece>
  <CraftingPiece id="empire_blade_5" name="{=y5A3HGua}Fine Steel Paramerion Blade" tier="4" piece_type="Blade" mesh="empire_blade_5" culture="Culture.empire" length="95.7" weight="0.97">
    <PieceUsages unavailable_usages="" />
    <BladeData sharpness="3" physics_material="metal_weapon" body_name="bo_sword_one_handed" holster_mesh="empire_blade_5_scabbard_5">
      <Thrust damage_type="Pierce" damage_factor="4.125" />
      <Swing damage_type="Cut" damage_factor="3.6" />
    </BladeData>
    <Materials>
      <Material id="Iron5" count="3" />
    </Materials>
  </CraftingPiece>
  <CraftingPiece id="empire_blade_6" name="{=kIbtwQRF}Fine Steel Spatha Blade" tier="4" piece_type="Blade" mesh="empire_blade_6" culture="Culture.empire" length="92.4" weight="0.93">
    <PieceUsages unavailable_usages="" />
    <BladeData sharpness="4" physics_material="metal_weapon" body_name="bo_sword_one_handed" holster_mesh="empire_blade_6_scabbard_6">
      <Thrust damage_type="Pierce" damage_factor="4.125" />
      <Swing damage_type="Cut" damage_factor="3.6" />
    </BladeData>
    <Flags>
      <Flag name="Civilian" type="ItemFlags" />
    </Flags>
    <Materials>
      <Material id="Iron5" count="3" />
    </Materials>
  </CraftingPiece>
  <CraftingPiece id="empire_blade_7" name="{=dafrn0mR}Thamaskene Steel Spatha Blade" tier="5" piece_type="Blade" mesh="empire_blade_7" culture="Culture.vlandia" length="99" weight="0.99">
    <PieceUsages unavailable_usages="" />
    <BladeData sharpness="3" physics_material="metal_weapon" body_name="bo_sword_one_handed" holster_mesh="empire_blade_7_scabbard_7">
      <Thrust damage_type="Pierce" damage_factor="4.250" />
      <Swing damage_type="Cut" damage_factor="3.9" />
    </BladeData>
    <Materials>
      <Material id="Iron6" count="4" />
    </Materials>
  </CraftingPiece>
  <CraftingPiece id="aserai_blade_1" name="{=k66YIIWR}Narrow Fine Steel Kaskara Blade" tier="4" piece_type="Blade" mesh="aserai_blade_1" culture="Culture.aserai" length="102.3" weight="1.03">
    <PieceUsages unavailable_usages="" />
    <BladeData sharpness="3" physics_material="metal_weapon" body_name="bo_sword_one_handed" holster_mesh="aserai_blade_1_scabbard_1">
      <Thrust damage_type="Pierce" damage_factor="3.000" />
      <Swing damage_type="Cut" damage_factor="3.9" />
    </BladeData>
    <Materials>
      <Material id="Iron5" count="3" />
    </Materials>
  </CraftingPiece>
  <CraftingPiece id="aserai_blade_2" name="{=v22onVb2}Slightly Ridged Flyssa Blade" tier="3" piece_type="Blade" mesh="aserai_blade_2" culture="Culture.aserai" length="105.6" weight="1.08">
    <PieceUsages unavailable_usages="" />
    <BladeData sharpness="3" physics_material="metal_weapon" body_name="bo_sword_one_handed" holster_mesh="aserai_blade_2_scabbard_2">
      <Thrust damage_type="Pierce" damage_factor="3.000" />
      <Swing damage_type="Cut" damage_factor="3.7" />
    </BladeData>
    <Materials>
      <Material id="Iron4" count="3" />
    </Materials>
  </CraftingPiece>
  <CraftingPiece id="aserai_blade_3" name="{=WNch6azL}Iron Scimitar Blade" tier="2" piece_type="Blade" mesh="aserai_blade_3" culture="Culture.aserai" length="93.2" weight="0.96">
    <PieceUsages unavailable_usages="" />
    <BladeData sharpness="3" physics_material="metal_weapon" body_name="bo_sword_one_handed" holster_mesh="aserai_blade_3_scabbard_3">
      <Thrust damage_type="Pierce" damage_factor="2.500" />
      <Swing damage_type="Cut" damage_factor="3.2" />
    </BladeData>
    <Flags>
      <Flag name="Civilian" type="ItemFlags" />
    </Flags>
    <Materials>
      <Material id="Iron3" count="3" />
    </Materials>
  </CraftingPiece>
  <CraftingPiece id="aserai_blade_4" name="{=Qw9HWSY7}Iron Flyssa Blade" tier="2" piece_type="Blade" mesh="aserai_blade_4" culture="Culture.aserai" length="104" weight="1.07">
    <PieceUsages unavailable_usages="" />
    <BladeData sharpness="3" physics_material="metal_weapon" body_name="bo_sword_one_handed" holster_mesh="aserai_blade_4_scabbard_4">
      <Thrust damage_type="Pierce" damage_factor="2.625" />
      <Swing damage_type="Cut" damage_factor="3.1" />
    </BladeData>
    <Materials>
      <Material id="Iron3" count="3" />
    </Materials>
  </CraftingPiece>
  <CraftingPiece id="aserai_blade_5" name="{=pX4nTZOI}Fine Steel Broad Kaskara" tier="4" piece_type="Blade" mesh="aserai_blade_5" culture="Culture.battania" length="108.9" weight="1.1">
    <PieceUsages unavailable_usages="" />
    <BladeData sharpness="3" physics_material="metal_weapon" body_name="bo_sword_one_handed" holster_mesh="aserai_blade_5_scabbard_5">
      <Thrust damage_type="Pierce" damage_factor="3.000" />
      <Swing damage_type="Cut" damage_factor="3.9" />
    </BladeData>
    <Materials>
      <Material id="Iron5" count="5" />
    </Materials>
  </CraftingPiece>
  <CraftingPiece id="aserai_blade_8" name="{=PQ8rR13R}Long Fine Steel Scimitar Blade" tier="4" piece_type="Blade" mesh="aserai_blade_8" culture="Culture.aserai" length="104.5" weight="1.06">
    <PieceUsages unavailable_usages="" />
    <BladeData sharpness="3" physics_material="metal_weapon" body_name="bo_sword_one_handed" holster_mesh="aserai_blade_8_scabbard_8">
      <Thrust damage_type="Pierce" damage_factor="3.000" />
      <Swing damage_type="Cut" damage_factor="3.9" />
    </BladeData>
    <Materials>
      <Material id="Iron5" count="3" />
    </Materials>
  </CraftingPiece>
  <CraftingPiece id="aserai_blade_11" name="{=aTnuOUCC}Thamaskene Steel Kaskara Blade" tier="5" piece_type="Blade" mesh="aserai_blade_11" culture="Culture.aserai" length="102.3" weight="1.02">
    <PieceUsages unavailable_usages="" />
    <BladeData sharpness="3" physics_material="metal_weapon" body_name="bo_sword_one_handed" holster_mesh="aserai_blade_11_scabbard_11">
      <Thrust damage_type="Pierce" damage_factor="3.500" />
      <Swing damage_type="Cut" damage_factor="4.1" />
    </BladeData>
    <Materials>
      <Material id="Iron6" count="4" />
    </Materials>
  </CraftingPiece>
  <CraftingPiece id="khuzait_blade_1" name="{=Ld1nfdj4}Fine Steel Sabre Blade" tier="4" piece_type="Blade" mesh="khuzait_blade_1" culture="Culture.khuzait" length="92.4" weight="0.93">
    <PieceUsages unavailable_usages="" />
    <BladeData sharpness="3" physics_material="metal_weapon" body_name="bo_sword_one_handed" holster_mesh="khuzait_blade_1_scabbard_1">
      <Thrust damage_type="Pierce" damage_factor="3.000" />
      <Swing damage_type="Cut" damage_factor="3.8" />
    </BladeData>
    <Flags>
      <Flag name="Civilian" type="ItemFlags" />
    </Flags>
    <Materials>
      <Material id="Iron5" count="3" />
    </Materials>
  </CraftingPiece>
  <CraftingPiece id="khuzait_blade_2" name="{=C2hTDlWq}Heavy Sabre Blade" tier="4" piece_type="Blade" mesh="khuzait_blade_2" culture="Culture.khuzait" length="94.6" weight="0.96">
    <PieceUsages unavailable_usages="" />
    <BladeData sharpness="3" physics_material="metal_weapon" body_name="bo_sword_one_handed" holster_mesh="khuzait_blade_2_scabbard_2">
      <Thrust damage_type="Pierce" damage_factor="3.000" />
      <Swing damage_type="Cut" damage_factor="3.8" />
    </BladeData>
    <Flags>
      <Flag name="Civilian" type="ItemFlags" />
    </Flags>
    <Materials>
      <Material id="Iron5" count="3" />
    </Materials>
  </CraftingPiece>
  <CraftingPiece id="khuzait_blade_3" name="{=OHHpwD0F}Straight Sabre Blade" tier="3" piece_type="Blade" mesh="khuzait_blade_3" culture="Culture.khuzait" length="90.2" weight="0.92">
    <PieceUsages unavailable_usages="" />
    <BladeData sharpness="3" physics_material="metal_weapon" body_name="bo_sword_one_handed" holster_mesh="khuzait_blade_3_scabbard_3">
      <Thrust damage_type="Pierce" damage_factor="2.875" />
      <Swing damage_type="Cut" damage_factor="3.7" />
    </BladeData>
    <Flags>
      <Flag name="Civilian" type="ItemFlags" />
    </Flags>
    <Materials>
      <Material id="Iron4" count="3" />
    </Materials>
  </CraftingPiece>
  <CraftingPiece id="khuzait_blade_5" name="{=CODGBskg}Long Sabre Blade" tier="3" piece_type="Blade" mesh="khuzait_blade_5" culture="Culture.khuzait" length="101.2" weight="1.03">
    <PieceUsages unavailable_usages="" />
    <BladeData sharpness="3" physics_material="metal_weapon" body_name="bo_sword_one_handed" holster_mesh="khuzait_blade_5_scabbard_5">
      <Thrust damage_type="Pierce" damage_factor="2.875" />
      <Swing damage_type="Cut" damage_factor="3.7" />
    </BladeData>
    <Materials>
      <Material id="Iron4" count="3" />
    </Materials>
  </CraftingPiece>
  <CraftingPiece id="khuzait_blade_7" name="{=wQGWxeCc}Thick Sabre Blade" tier="2" piece_type="Blade" mesh="khuzait_blade_7" culture="Culture.khuzait" length="82.5" weight="0.85">
    <PieceUsages unavailable_usages="" />
    <BladeData sharpness="3" physics_material="metal_weapon" body_name="bo_sword_one_handed">
      <Thrust damage_type="Pierce" damage_factor="2.625" />
      <Swing damage_type="Cut" damage_factor="3.1" />
    </BladeData>
    <Flags>
      <Flag name="Civilian" type="ItemFlags" />
    </Flags>
    <Materials>
      <Material id="Iron3" count="3" />
    </Materials>
  </CraftingPiece>
  <CraftingPiece id="sturgian_blade_1" name="{=xbB9Ga5X}Tapered Northern Blade" tier="2" piece_type="Blade" mesh="sturgian_blade_1" culture="Culture.sturgia" length="73.7" weight="0.76">
    <PieceUsages unavailable_usages="" />
    <BladeData sharpness="3" physics_material="metal_weapon" body_name="bo_sword_one_handed" holster_mesh="sturgian_blade_1_scabbard_1">
      <Thrust damage_type="Pierce" damage_factor="2.625" />
      <Swing damage_type="Cut" damage_factor="3.1" />
    </BladeData>
    <Flags>
      <Flag name="Civilian" type="ItemFlags" />
    </Flags>
    <Materials>
      <Material id="Iron3" count="2" />
    </Materials>
  </CraftingPiece>
  <CraftingPiece id="sturgian_blade_2" name="{=7ZWtiHKj}Long Warsword Blade" tier="4" piece_type="Blade" mesh="sturgian_blade_2" culture="Culture.sturgia" length="86.9" weight="0.88">
    <PieceUsages unavailable_usages="" />
    <BladeData sharpness="3" physics_material="metal_weapon" body_name="bo_sword_one_handed" holster_mesh="sturgian_blade_2_scabbard_2">
      <Thrust damage_type="Pierce" damage_factor="3.500" />
      <Swing damage_type="Cut" damage_factor="3.8" />
    </BladeData>
    <Flags>
      <Flag name="Civilian" type="ItemFlags" />
    </Flags>
    <Materials>
      <Material id="Iron5" count="3" />
    </Materials>
  </CraftingPiece>
  <CraftingPiece id="sturgian_blade_5" name="{=bGfs8gNv}Northern Backsword Blade" tier="3" piece_type="Blade" mesh="sturgian_blade_5" culture="Culture.sturgia" length="68.2" weight="0.7">
    <PieceUsages unavailable_usages="" />
    <BladeData sharpness="3" physics_material="metal_weapon" body_name="bo_sword_one_handed" holster_mesh="sturgian_blade_5_scabbard_5">
      <Thrust damage_type="Pierce" damage_factor="3.375" />
      <Swing damage_type="Cut" damage_factor="3.6" />
    </BladeData>
    <Flags>
      <Flag name="Civilian" type="ItemFlags" />
    </Flags>
    <Materials>
      <Material id="Iron4" count="2" />
    </Materials>
  </CraftingPiece>
  <CraftingPiece id="sturgian_blade_6" name="{=weIT4gUP}Fullered Narrow Warsword Blade" tier="4" piece_type="Blade" mesh="sturgian_blade_6" culture="Culture.sturgia" length="73.7" weight="0.74">
    <PieceUsages unavailable_usages="" />
    <BladeData sharpness="3" physics_material="metal_weapon" body_name="bo_sword_one_handed" holster_mesh="sturgian_blade_6_scabbard_6">
      <Thrust damage_type="Pierce" damage_factor="3.500" />
      <Swing damage_type="Cut" damage_factor="3.8" />
    </BladeData>
    <Flags>
      <Flag name="Civilian" type="ItemFlags" />
    </Flags>
    <Materials>
      <Material id="Iron5" count="2" />
    </Materials>
  </CraftingPiece>
  <CraftingPiece id="sturgian_blade_7" name="{=alti0PsZ}Pointy Warsword Blade" tier="3" piece_type="Blade" mesh="sturgian_blade_7" culture="Culture.sturgia" length="74.5" weight="0.76">
    <PieceUsages unavailable_usages="" />
    <BladeData sharpness="3" physics_material="metal_weapon" body_name="bo_sword_one_handed" holster_mesh="sturgian_blade_7_scabbard_7">
      <Thrust damage_type="Pierce" damage_factor="3.375" />
      <Swing damage_type="Cut" damage_factor="3.6" />
    </BladeData>
    <Flags>
      <Flag name="Civilian" type="ItemFlags" />
    </Flags>
    <Materials>
      <Material id="Iron4" count="3" />
    </Materials>
  </CraftingPiece>
  <CraftingPiece id="sturgian_blade_8" name="{=QIo60ZKh}Fullered Long Warsword Blade" tier="5" piece_type="Blade" mesh="sturgian_blade_8" culture="Culture.sturgia" length="87.3" weight="0.87">
    <PieceUsages unavailable_usages="" />
    <BladeData sharpness="3" physics_material="metal_weapon" body_name="bo_sword_one_handed" holster_mesh="sturgian_blade_3_scabbard_3">
      <Thrust damage_type="Pierce" damage_factor="3.750" />
      <Swing damage_type="Cut" damage_factor="4.0" />
    </BladeData>
    <Flags>
      <Flag name="Civilian" type="ItemFlags" />
    </Flags>
    <Materials>
      <Material id="Iron6" count="3" />
    </Materials>
  </CraftingPiece>
  <CraftingPiece id="battania_blade_1" name="{=rKnBJPfp}Fine Steel Cavalry Broadsword Blade" tier="4" piece_type="Blade" mesh="battania_blade_1" culture="Culture.battania" length="98.9" weight="1.0">
    <PieceUsages unavailable_usages="" />
    <BladeData sharpness="3" physics_material="metal_weapon" body_name="bo_sword_one_handed" holster_mesh="battania_blade_1_scabbard_1">
      <Thrust damage_type="Pierce" damage_factor="3.625" />
      <Swing damage_type="Cut" damage_factor="3.8" />
    </BladeData>
    <Materials>
      <Material id="Iron5" count="4" />
    </Materials>
  </CraftingPiece>
  <CraftingPiece id="battania_blade_2" name="{=4OefdTD1}Ridged Short Gladius Blade" tier="1" piece_type="Blade" mesh="battania_blade_2" culture="Culture.empire" length="57.1" weight="0.59">
    <PieceUsages unavailable_usages="" />
    <BladeData sharpness="3" physics_material="metal_weapon" body_name="bo_sword_one_handed" holster_mesh="battania_blade_2_scabbard_2">
      <Thrust damage_type="Pierce" damage_factor="3.750" />
      <Swing damage_type="Cut" damage_factor="2.0" />
    </BladeData>
    <Flags>
      <Flag name="Civilian" type="ItemFlags" />
    </Flags>
    <Materials>
      <Material id="Iron2" count="2" />
    </Materials>
  </CraftingPiece>
  <CraftingPiece id="battania_blade_3" name="{=QCE1sAu3}Broadsword Blade" tier="3" piece_type="Blade" mesh="battania_blade_3" culture="Culture.battania" length="80.8" weight="1.3">
    <PieceUsages unavailable_usages="" />
    <BladeData sharpness="3" physics_material="metal_weapon" body_name="bo_sword_one_handed" holster_mesh="battania_blade_3_scabbard_3">
      <Thrust damage_type="Pierce" damage_factor="3.375" />
      <Swing damage_type="Cut" damage_factor="3.5" />
    </BladeData>
    <Flags>
      <Flag name="Civilian" type="ItemFlags" />
    </Flags>
    <Materials>
      <Material id="Iron4" count="2" />
    </Materials>
  </CraftingPiece>
  <CraftingPiece id="battania_blade_4" name="{=zAdloN6Y}Broad Ridged Shortsword Blade" tier="3" piece_type="Blade" mesh="battania_blade_4" culture="Culture.battania" length="67.4" weight="0.69">
    <PieceUsages unavailable_usages="" />
    <BladeData sharpness="3" physics_material="metal_weapon" body_name="bo_sword_one_handed" holster_mesh="battania_blade_4_scabbard_4">
      <Thrust damage_type="Pierce" damage_factor="3.375" />
      <Swing damage_type="Cut" damage_factor="3.6" />
    </BladeData>
    <Flags>
      <Flag name="Civilian" type="ItemFlags" />
    </Flags>
    <Materials>
      <Material id="Iron4" count="3" />
    </Materials>
  </CraftingPiece>
  <CraftingPiece id="battania_blade_5" name="{=swb45HVS}Mountain Blade" tier="5" piece_type="Blade" mesh="battania_blade_5" culture="Culture.battania" length="80.8" weight="0.81">
    <PieceUsages unavailable_usages="" />
    <BladeData sharpness="3" physics_material="metal_weapon" body_name="bo_sword_one_handed" holster_mesh="battania_blade_5_scabbard_5">
      <Thrust damage_type="Pierce" damage_factor="3.875" />
      <Swing damage_type="Cut" damage_factor="4.1" />
    </BladeData>
    <Flags>
      <Flag name="Civilian" type="ItemFlags" />
    </Flags>
    <Materials>
      <Material id="Iron6" count="2" />
    </Materials>
  </CraftingPiece>
  <CraftingPiece id="battania_blade_3_iron" name="{=3Y7plSBX}Iron Broadsword Blade" tier="2" piece_type="Blade" mesh="battania_blade_3_iron" culture="Culture.battania" length="80.8" weight="1.5">
    <PieceUsages unavailable_usages="" />
    <BladeData sharpness="3" physics_material="metal_weapon" body_name="bo_sword_one_handed" holster_mesh="battania_blade_3_scabbard_3">
      <Thrust damage_type="Pierce" damage_factor="2.750" />
      <Swing damage_type="Cut" damage_factor="3.1" />
    </BladeData>
    <Flags>
      <Flag name="Civilian" type="ItemFlags" />
    </Flags>
    <Materials>
      <Material id="Iron3" count="3" />
    </Materials>
  </CraftingPiece>
  <CraftingPiece id="sturgian_blade_3" name="{=GXhZ8NKv}Wide Fullered Northern Blade" tier="3" piece_type="Blade" mesh="sturgian_blade_3" culture="Culture.sturgia" length="87.3" weight="1.3">
    <PieceUsages unavailable_usages="" />
    <BladeData sharpness="3" physics_material="metal_weapon" body_name="bo_sword_one_handed" holster_mesh="sturgian_blade_3_scabbard_3">
      <Thrust damage_type="Pierce" damage_factor="3.375" />
      <Swing damage_type="Cut" damage_factor="3.5" />
    </BladeData>
    <Flags>
      <Flag name="Civilian" type="ItemFlags" />
    </Flags>
    <Materials>
      <Material id="Iron4" count="3" />
    </Materials>
  </CraftingPiece>
  <CraftingPiece id="vlandian_blade_9" name="{=i7d3En7L}Hooked Falchion Blade" tier="2" piece_type="Blade" mesh="vlandian_blade_9" length="62.59" weight="1.3">
    <PieceUsages unavailable_usages="" />
    <BladeData sharpness="3" physics_material="metal_weapon" body_name="bo_sword_one_handed" holster_mesh="vlandian_blade_9_scabbard_9">
      <Thrust damage_type="Pierce" damage_factor="2.250" />
      <Swing damage_type="Cut" damage_factor="3.1" />
    </BladeData>
    <Flags>
      <Flag name="Civilian" type="ItemFlags" />
    </Flags>
    <Materials>
      <Material id="Iron2" count="3" />
    </Materials>
  </CraftingPiece>
  <CraftingPiece id="khuzait_blade_6" name="{=czhTpYo8}Iron Sabre Blade" tier="2" piece_type="Blade" mesh="khuzait_blade_6" culture="Culture.khuzait" length="82.5" weight="1.0">
    <PieceUsages unavailable_usages="" />
    <BladeData sharpness="3" physics_material="metal_weapon" body_name="bo_sword_one_handed">
      <Thrust damage_type="Pierce" damage_factor="2.500" />
      <Swing damage_type="Cut" damage_factor="3.2" />
    </BladeData>
    <Flags>
      <Flag name="Civilian" type="ItemFlags" />
    </Flags>
    <Materials>
      <Material id="Iron3" count="3" />
    </Materials>
  </CraftingPiece>
  <CraftingPiece id="empire_blade_2" name="{=c1YI2Nxt}Iron Spatha Blade" tier="2" piece_type="Blade" mesh="empire_blade_2" culture="Culture.empire" length="91.3" weight="1.3">
    <PieceUsages unavailable_usages="" />
    <BuildData bottom_diff="-0.4" />
    <BladeData sharpness="3" physics_material="metal_weapon" body_name="bo_sword_one_handed" holster_mesh="empire_blade_1_scabbard_1">
      <Thrust damage_type="Pierce" damage_factor="3.250" />
      <Swing damage_type="Cut" damage_factor="3.1" />
    </BladeData>
    <Flags>
      <Flag name="Civilian" type="ItemFlags" />
    </Flags>
    <Materials>
      <Material id="Iron2" count="3" />
    </Materials>
  </CraftingPiece>
  <CraftingPiece id="khuzait_noble_blade_4" name="{=R7OBSozV}Short Thick Ild Blade" tier="1" piece_type="Blade" mesh="khuzait_noble_blade_4" culture="Culture.khuzait" length="85" weight="1.25">
    <PieceUsages unavailable_usages="" />
    <BuildData bottom_diff="-0.25" />
    <BladeData sharpness="3" physics_material="metal_weapon" body_name="bo_sword_one_handed" holster_mesh="khuzait_noble_blade_4_scabbard_4">
      <Thrust damage_type="Pierce" damage_factor="1.250" />
      <Swing damage_type="Cut" damage_factor="3.2" />
    </BladeData>
    <Materials>
      <Material id="Iron2" count="3" />
    </Materials>
  </CraftingPiece>
  <CraftingPiece id="sturgian_blade_9" name="{=BXW4LeQT}Wide Fullered Short Blade" tier="3" piece_type="Blade" mesh="sturgian_blade_9" culture="Culture.sturgia" length="56.1" weight="0.9">
    <PieceUsages unavailable_usages="" />
    <BladeData sharpness="3" physics_material="metal_weapon" body_name="bo_sword_one_handed" holster_mesh="sturgian_blade_9_scabbard_9">
      <Thrust damage_type="Pierce" damage_factor="3.375" />
      <Swing damage_type="Cut" damage_factor="3.6" />
    </BladeData>
    <Flags>
      <Flag name="Civilian" type="ItemFlags" />
    </Flags>
    <Materials>
      <Material id="Iron2" count="2" />
    </Materials>
  </CraftingPiece>
  <CraftingPiece id="vlandian_blade_6" name="{=tSaAzzYe}Ridged Narrow Blade" tier="1" piece_type="Blade" mesh="vlandian_blade_6" culture="Culture.vlandia" length="92.4" weight="1.3">
    <PieceUsages unavailable_usages="" />
    <BladeData sharpness="3" physics_material="metal_weapon" body_name="bo_sword_one_handed" holster_mesh="vlandian_blade_6_scabbard_6">
      <Thrust damage_type="Pierce" damage_factor="3.500" />
      <Swing damage_type="Cut" damage_factor="2.6" />
    </BladeData>
    <Flags>
      <Flag name="Civilian" type="ItemFlags" />
    </Flags>
    <Materials>
      <Material id="Iron2" count="3" />
    </Materials>
  </CraftingPiece>
  <CraftingPiece id="cleaver_blade_1" name="{=hRfqLq4V}Falchion Blade" tier="3" piece_type="Blade" mesh="cleaver_blade_1" culture="Culture.aserai" length="97.9" weight="1.4">
    <PieceUsages unavailable_usages="" />
    <BladeData sharpness="3" physics_material="metal_weapon" body_name="bo_sword_one_handed" holster_mesh="cleaver_blade_1">
      <Thrust damage_type="Pierce" damage_factor="2.875" />
      <Swing damage_type="Cut" damage_factor="3.7" />
    </BladeData>
    <Materials>
      <Material id="Iron4" count="3" />
    </Materials>
  </CraftingPiece>
  <CraftingPiece id="khuzait_blade_8" name="{=19a3jJ1s}Ridged Great Sabre Blade" tier="4" piece_type="Blade" mesh="khuzait_blade_8" culture="Culture.khuzait" length="99" weight="1.1">
    <PieceUsages unavailable_usages="" />
    <BuildData bottom_diff="-0.25" />
    <BladeData sharpness="3" physics_material="metal_weapon" body_name="bo_sword_one_handed" holster_mesh="khuzait_blade_8_scabbard_8">
      <Thrust damage_type="Pierce" damage_factor="3.125" />
      <Swing damage_type="Cut" damage_factor="3.9" />
    </BladeData>
    <Materials>
      <Material id="Iron5" count="4" />
    </Materials>
  </CraftingPiece>
  <CraftingPiece id="vlandian_blade_2" name="{=KFqa2uF1}Broad Two Hander Blade" tier="4" piece_type="Blade" mesh="vlandian_blade_2" culture="Culture.vlandia" length="99" weight="1.15">
    <PieceUsages unavailable_usages="" />
    <BladeData sharpness="3" physics_material="metal_weapon" body_name="bo_sword_one_handed" holster_mesh="vlandian_blade_2_scabbard_2">
      <Thrust damage_type="Pierce" damage_factor="3.500" />
      <Swing damage_type="Cut" damage_factor="3.8" />
    </BladeData>
    <Materials>
      <Material id="Iron5" count="3" />
    </Materials>
  </CraftingPiece>
  <CraftingPiece id="aserai_blade_7" name="{=N1qLYlxF}Fine Steel Kaskara Blade" tier="4" piece_type="Blade" mesh="aserai_blade_7" culture="Culture.aserai" length="100.1" weight="1.2">
    <PieceUsages unavailable_usages="" />
    <BladeData sharpness="3" physics_material="metal_weapon" body_name="bo_sword_one_handed" holster_mesh="aserai_blade_7_scabbard_7">
      <Thrust damage_type="Pierce" damage_factor="3.125" />
      <Swing damage_type="Cut" damage_factor="3.9" />
    </BladeData>
    <Materials>
      <Material id="Iron5" count="3" />
    </Materials>
  </CraftingPiece>
  <CraftingPiece id="vlandian_noble_blade_4" name="{=UKWwPPkx}Arming Sword Blade With Golden Petals Imprint" tier="5" piece_type="Blade" mesh="vlandian_noble_blade_4" culture="Culture.vlandia" length="68" weight="0.8">
    <PieceUsages unavailable_usages="" />
    <BladeData sharpness="3" physics_material="metal_weapon" body_name="bo_sword_one_handed" holster_mesh="vlandian_noble_blade_4_scabbard_4">
      <Thrust damage_type="Pierce" damage_factor="3.750" />
      <Swing damage_type="Cut" damage_factor="4.2" />
    </BladeData>
    <Flags>
      <Flag name="Civilian" type="ItemFlags" />
    </Flags>
    <Materials>
      <Material id="Iron6" count="3" />
    </Materials>
  </CraftingPiece>
  <CraftingPiece id="vlandian_noble_blade_1" name="{=bki9u9FW}Arming Sword Blade With Golden Circle Imprint" tier="5" piece_type="Blade" mesh="vlandian_noble_blade_1" culture="Culture.vlandia" length="74.3" weight="0.9">
    <PieceUsages unavailable_usages="" />
    <BladeData sharpness="3" physics_material="metal_weapon" body_name="bo_sword_one_handed" holster_mesh="vlandian_noble_blade_1_scabbard_1">
      <Thrust damage_type="Pierce" damage_factor="3.750" />
      <Swing damage_type="Cut" damage_factor="4.1" />
    </BladeData>
    <Flags>
      <Flag name="Civilian" type="ItemFlags" />
    </Flags>
    <Materials>
      <Material id="Iron6" count="3" />
    </Materials>
  </CraftingPiece>
  <CraftingPiece id="empire_noble_blade_1" name="{=PQThPvP6}Decorated Short Spatha Blade" tier="5" piece_type="Blade" mesh="empire_noble_blade_1" culture="Culture.empire" length="84.7" weight="1.0">
    <PieceUsages unavailable_usages="" />
    <BladeData sharpness="3" physics_material="metal_weapon" body_name="bo_sword_one_handed" holster_mesh="empire_noble_blade_1_scabbard_1">
      <Thrust damage_type="Pierce" damage_factor="4.125" />
      <Swing damage_type="Cut" damage_factor="4.0" />
    </BladeData>
    <Materials>
      <Material id="Iron5" count="3" />
    </Materials>
  </CraftingPiece>
  <CraftingPiece id="aserai_noble_blade_2" name="{=gwkR6TZL}Decorated Kaskara Blade" tier="5" piece_type="Blade" mesh="aserai_noble_blade_2" culture="Culture.aserai" length="93.2" weight="1.0">
    <PieceUsages unavailable_usages="" />
    <BladeData sharpness="3" physics_material="metal_weapon" body_name="bo_sword_one_handed" holster_mesh="aserai_noble_blade_2_scabbard_2">
      <Thrust damage_type="Pierce" damage_factor="3.500" />
      <Swing damage_type="Cut" damage_factor="4.2" />
    </BladeData>
    <Flags>
      <Flag name="Civilian" type="ItemFlags" />
    </Flags>
    <Materials>
      <Material id="Iron6" count="3" />
    </Materials>
  </CraftingPiece>
  <CraftingPiece id="aserai_noble_blade_1" name="{=T1xFTaOf}Decorated Long Scimitar Blade" tier="5" piece_type="Blade" mesh="aserai_noble_blade_1" culture="Culture.aserai" length="90" weight="1.05">
    <PieceUsages unavailable_usages="" />
    <BladeData sharpness="3" physics_material="metal_weapon" body_name="bo_sword_one_handed" holster_mesh="aserai_noble_blade_1_scabbard_1">
      <Thrust damage_type="Pierce" damage_factor="3.000" />
      <Swing damage_type="Cut" damage_factor="4.3" />
    </BladeData>
    <Flags>
      <Flag name="Civilian" type="ItemFlags" />
    </Flags>
    <Materials>
      <Material id="Iron6" count="3" />
    </Materials>
  </CraftingPiece>
  <CraftingPiece id="khuzait_noble_blade_2" name="{=SJssgxmf}Decorated Ild Blade" tier="5" piece_type="Blade" mesh="khuzait_noble_blade_2" culture="Culture.khuzait" length="72.5" weight="1.1">
    <PieceUsages unavailable_usages="" />
    <BuildData bottom_diff="-0.25" />
    <BladeData sharpness="3" physics_material="metal_weapon" body_name="bo_sword_one_handed" holster_mesh="khuzait_noble_blade_2_scabbard_2">
      <Thrust damage_type="Pierce" damage_factor="2.875" />
      <Swing damage_type="Cut" damage_factor="4.3" />
    </BladeData>
    <Materials>
      <Material id="Iron6" count="2" />
    </Materials>
  </CraftingPiece>
  <CraftingPiece id="khuzait_noble_blade_1" name="{=PqoJ1ZeB}Decorated Sabre Blade" tier="5" piece_type="Blade" mesh="khuzait_noble_blade_1" culture="Culture.khuzait" length="89.5" weight="1.0">
    <PieceUsages unavailable_usages="" />
    <BuildData bottom_diff="-0.25" />
    <BladeData sharpness="3" physics_material="metal_weapon" body_name="bo_sword_one_handed" holster_mesh="khuzait_noble_blade_1_scabbard_1">
      <Thrust damage_type="Pierce" damage_factor="3.125" />
      <Swing damage_type="Cut" damage_factor="4.2" />
    </BladeData>
    <Materials>
      <Material id="Iron6" count="3" />
    </Materials>
  </CraftingPiece>
  <CraftingPiece id="sturgian_noble_blade_2" name="{=mSNaSLiC}Thamaskene Steel Warsword Blade" tier="5" piece_type="Blade" mesh="sturgian_noble_blade_2" culture="Culture.sturgia" length="61.4" weight="0.9">
    <PieceUsages unavailable_usages="" />
    <BladeData sharpness="3" physics_material="metal_weapon" body_name="bo_sword_one_handed" holster_mesh="sturgian_noble_blade_2_scabbard_2">
      <Thrust damage_type="Pierce" damage_factor="3.375" />
      <Swing damage_type="Cut" damage_factor="4.2" />
    </BladeData>
    <Flags>
      <Flag name="Civilian" type="ItemFlags" />
    </Flags>
    <Materials>
      <Material id="Iron6" count="3" />
    </Materials>
  </CraftingPiece>
  <CraftingPiece id="sturgian_noble_blade_3" name="{=vx2VIbmb}Decorated Long Warsword Blade" tier="5" piece_type="Blade" mesh="sturgian_noble_blade_3" culture="Culture.sturgia" length="73" weight="0.9">
    <PieceUsages unavailable_usages="" />
    <BladeData sharpness="3" physics_material="metal_weapon" body_name="bo_sword_one_handed" holster_mesh="sturgian_noble_blade_3_scabbard_3">
      <Thrust damage_type="Pierce" damage_factor="3.375" />
      <Swing damage_type="Cut" damage_factor="2.8" />
    </BladeData>
    <Flags>
      <Flag name="Civilian" type="ItemFlags" />
    </Flags>
    <Materials>
      <Material id="Iron6" count="3" />
    </Materials>
  </CraftingPiece>
  <CraftingPiece id="battania_blade_3_fine_steel" name="{=hyNitMsQ}Highland Fine Steel Blade" tier="4" piece_type="Blade" mesh="battania_blade_3_fine_steel" culture="Culture.battania" length="80.8" weight="1.0">
    <PieceUsages unavailable_usages="" />
    <BladeData sharpness="3" physics_material="metal_weapon" body_name="bo_sword_one_handed" holster_mesh="battania_blade_3_scabbard_3">
      <Thrust damage_type="Pierce" damage_factor="4.375" />
      <Swing damage_type="Cut" damage_factor="3.8" />
    </BladeData>
    <Flags>
      <Flag name="Civilian" type="ItemFlags" />
    </Flags>
    <Materials>
      <Material id="Iron5" count="3" />
    </Materials>
  </CraftingPiece>
  <CraftingPiece id="vlandian_blade_8" name="{=ZJrqEfBF}Tapered Kaskara Blade" tier="3" piece_type="Blade" mesh="vlandian_blade_8" culture="Culture.aserai" length="80.3" weight="1.2">
    <PieceUsages unavailable_usages="" />
    <BladeData sharpness="3" physics_material="metal_weapon" body_name="bo_sword_one_handed" holster_mesh="vlandian_blade_8_scabbard_8">
      <Thrust damage_type="Pierce" damage_factor="3.375" />
      <Swing damage_type="Cut" damage_factor="3.6" />
    </BladeData>
    <Flags>
      <Flag name="Civilian" type="ItemFlags" />
    </Flags>
    <Materials>
      <Material id="Iron4" count="2" />
    </Materials>
  </CraftingPiece>
  <CraftingPiece id="aserai_blade_9" name="{=3wn1WbIx}Ridged Long Kaskara Blade" tier="1" piece_type="Blade" mesh="aserai_blade_9" culture="Culture.aserai" length="93" weight="1.35">
    <PieceUsages unavailable_usages="" />
    <BladeData sharpness="3" physics_material="metal_weapon" body_name="bo_sword_one_handed" holster_mesh="aserai_blade_9_scabbard_9">
      <Thrust damage_type="Pierce" damage_factor="3.250" />
      <Swing damage_type="Cut" damage_factor="2.6" />
    </BladeData>
    <Flags>
      <Flag name="Civilian" type="ItemFlags" />
    </Flags>
    <Materials>
      <Material id="Iron2" count="3" />
    </Materials>
  </CraftingPiece>
  <CraftingPiece id="sturgian_blade_4" name="{=XtneitaD}Fine Steel Warsword Blade" tier="4" piece_type="Blade" mesh="sturgian_blade_4" culture="Culture.sturgia" length="73.7" weight="1.0">
    <PieceUsages unavailable_usages="" />
    <BladeData sharpness="3" physics_material="metal_weapon" body_name="bo_sword_one_handed" holster_mesh="sturgian_blade_4_scabbard_4">
      <Thrust damage_type="Pierce" damage_factor="3.500" />
      <Swing damage_type="Cut" damage_factor="3.8" />
    </BladeData>
    <Flags>
      <Flag name="Civilian" type="ItemFlags" />
    </Flags>
    <Materials>
      <Material id="Iron5" count="3" />
    </Materials>
  </CraftingPiece>
  <CraftingPiece id="cleaver_blade_5" name="{=2mo4gsuh}War Razor Blade" tier="4" piece_type="Blade" mesh="cleaver_blade_5" culture="Culture.vlandia" length="103.4" weight="1.2">
    <PieceUsages unavailable_usages="" />
    <BladeData sharpness="3" physics_material="metal_weapon" body_name="bo_sword_one_handed" holster_mesh="cleaver_blade_5">
      <Thrust damage_type="Pierce" damage_factor="3.250" />
      <Swing damage_type="Cut" damage_factor="3.9" />
    </BladeData>
    <Materials>
      <Material id="Iron5" count="4" />
    </Materials>
  </CraftingPiece>
  <CraftingPiece id="cleaver_blade_2" name="{=YkWqmDEK}Broad Falchion Blade Head" tier="3" piece_type="Blade" mesh="cleaver_blade_2" culture="Culture.aserai" length="100.1" weight="1.5">
    <PieceUsages unavailable_usages="" />
    <BladeData sharpness="3" physics_material="metal_weapon" body_name="bo_sword_one_handed" holster_mesh="cleaver_blade_2">
      <Thrust damage_type="Pierce" damage_factor="2.625" />
      <Swing damage_type="Cut" damage_factor="3.7" />
    </BladeData>
    <Materials>
      <Material id="Iron4" count="4" />
    </Materials>
  </CraftingPiece>
  <CraftingPiece id="aserai_blade_10" name="{=N1qLYlxF}Fine Steel Kaskara Blade" tier="4" piece_type="Blade" mesh="aserai_blade_10" culture="Culture.aserai" length="101" weight="1.2">
    <PieceUsages unavailable_usages="" />
    <BladeData sharpness="3" physics_material="metal_weapon" body_name="bo_sword_one_handed" holster_mesh="aserai_blade_10_scabbard_10">
      <Thrust damage_type="Pierce" damage_factor="3.125" />
      <Swing damage_type="Cut" damage_factor="3.8" />
    </BladeData>
    <Materials>
      <Material id="Iron5" count="3" />
    </Materials>
  </CraftingPiece>
  <!-- #endregion -->
  <!-- #region Sword Blade Pieces -->
  <CraftingPiece id="empire_blade_3_blunt" name="{=wsVbMK6L}Tournament Flat Blade" tier="1" piece_type="Blade" mesh="empire_blade_3" culture="Culture.empire" length="91.3" weight="1.4">
    <PieceUsages unavailable_usages="" />
    <BuildData bottom_diff="-0.4" />
    <BladeData sharpness="3" physics_material="metal_weapon" body_name="bo_sword_one_handed" holster_mesh="empire_blade_1_scabbard_1">
      <Thrust damage_type="Blunt" damage_factor="2.000" />
      <Swing damage_type="Blunt" damage_factor="2.1" />
    </BladeData>
    <Materials>
      <Material id="Iron2" count="3" />
    </Materials>
  </CraftingPiece>
  <CraftingPiece id="empire_noble_blade_2" name="{=0Y0kaTwm}Simple Spatha Blade" tier="1" piece_type="Blade" mesh="empire_noble_blade_2" culture="Culture.empire" length="96" weight="1.3">
    <PieceUsages unavailable_usages="" />
    <BladeData sharpness="3" physics_material="metal_weapon" body_name="bo_sword_one_handed" holster_mesh="empire_noble_blade_2_scabbard_2">
      <Thrust damage_type="Pierce" damage_factor="3.500" />
      <Swing damage_type="Cut" damage_factor="2.6" />
    </BladeData>
    <Materials>
      <Material id="Iron2" count="3" />
    </Materials>
  </CraftingPiece>
  <CraftingPiece id="empire_noble_blade_3" name="{=N3VXsh2z}Steel Paramerion Blade" tier="3" piece_type="Blade" mesh="empire_noble_blade_3" culture="Culture.empire" length="83.6" weight="1.2">
    <PieceUsages unavailable_usages="" />
    <BladeData sharpness="3" physics_material="metal_weapon" body_name="bo_sword_one_handed" holster_mesh="empire_noble_blade_3_scabbard_3">
      <Thrust damage_type="Pierce" damage_factor="3.750" />
      <Swing damage_type="Cut" damage_factor="3.5" />
    </BladeData>
    <Materials>
      <Material id="Iron4" count="3" />
    </Materials>
  </CraftingPiece>
  <CraftingPiece id="empire_noble_blade_4" name="{=HwCYBWq2}Sharp Tipped Spatha Blade" tier="4" piece_type="Blade" mesh="empire_noble_blade_4" culture="Culture.empire" length="95.8" weight="1.2">
    <PieceUsages unavailable_usages="" />
    <BladeData sharpness="3" physics_material="metal_weapon" body_name="bo_sword_one_handed" holster_mesh="empire_noble_blade_4_scabbard_4">
      <Thrust damage_type="Pierce" damage_factor="3.875" />
      <Swing damage_type="Cut" damage_factor="3.7" />
    </BladeData>
    <Materials>
      <Material id="Iron5" count="3" />
    </Materials>
  </CraftingPiece>
  <CraftingPiece id="sturgian_noble_blade_1" name="{=VbpiYB68}Decorated Wide Fullered Short Blade" tier="5" piece_type="Blade" mesh="sturgian_noble_blade_1" culture="Culture.sturgia" length="61.4" weight="0.9">
    <PieceUsages unavailable_usages="" />
    <BladeData sharpness="3" physics_material="metal_weapon" body_name="bo_sword_one_handed" holster_mesh="sturgian_noble_blade_1_scabbard_1">
      <Thrust damage_type="Pierce" damage_factor="3.750" />
      <Swing damage_type="Cut" damage_factor="4.0" />
    </BladeData>
    <Flags>
      <Flag name="Civilian" type="ItemFlags" />
    </Flags>
    <Materials>
      <Material id="Iron6" count="2" />
    </Materials>
  </CraftingPiece>
  <CraftingPiece id="sturgian_noble_blade_4" name="{=blaVlvm2}Decorated Short Warsword Blade" tier="5" piece_type="Blade" mesh="sturgian_noble_blade_4" culture="Culture.sturgia" length="74" weight="0.7">
    <PieceUsages unavailable_usages="" />
    <BladeData sharpness="3" physics_material="metal_weapon" body_name="bo_sword_one_handed" holster_mesh="sturgian_noble_blade_4_scabbard_4">
      <Thrust damage_type="Pierce" damage_factor="1.875" />
      <Swing damage_type="Cut" damage_factor="2.5" />
    </BladeData>
    <Flags>
      <Flag name="Civilian" type="ItemFlags" />
    </Flags>
    <Materials>
      <Material id="Iron6" count="2" />
    </Materials>
  </CraftingPiece>
  <CraftingPiece id="khuzait_noble_blade_3" name="{=AKJzOQkF}Eastern Backsword Blade" tier="2" piece_type="Blade" mesh="khuzait_noble_blade_3" culture="Culture.khuzait" length="73" weight="1.3">
    <PieceUsages unavailable_usages="" />
    <BuildData bottom_diff="-0.25" />
    <BladeData sharpness="3" physics_material="metal_weapon" body_name="bo_sword_one_handed" holster_mesh="khuzait_noble_blade_3_scabbard_3">
      <Thrust damage_type="Pierce" damage_factor="1.875" />
      <Swing damage_type="Cut" damage_factor="3.3" />
    </BladeData>
    <Materials>
      <Material id="Iron3" count="2" />
    </Materials>
  </CraftingPiece>
  <CraftingPiece id="vlandian_noble_blade_2" name="{=O2kPKeuK}Arming Sword Blade With Gold Engraving" tier="5" piece_type="Blade" mesh="vlandian_noble_blade_2" culture="Culture.vlandia" length="74.5" weight="1.0">
    <PieceUsages unavailable_usages="" />
    <BladeData sharpness="3" physics_material="metal_weapon" body_name="bo_sword_one_handed" holster_mesh="vlandian_noble_blade_2_scabbard_2">
      <Thrust damage_type="Pierce" damage_factor="4.000" />
      <Swing damage_type="Cut" damage_factor="4.0" />
    </BladeData>
    <Flags>
      <Flag name="Civilian" type="ItemFlags" />
    </Flags>
    <Materials>
      <Material id="Iron6" count="3" />
    </Materials>
  </CraftingPiece>
  <CraftingPiece id="vlandian_noble_blade_3" name="{=uuover9F}Short Arming Sword Blade" tier="5" piece_type="Blade" mesh="vlandian_noble_blade_3" culture="Culture.vlandia" length="67.5" weight="0.8">
    <PieceUsages unavailable_usages="" />
    <BladeData sharpness="3" physics_material="metal_weapon" body_name="bo_sword_one_handed" holster_mesh="vlandian_noble_blade_3_scabbard_3">
      <Thrust damage_type="Pierce" damage_factor="3.750" />
      <Swing damage_type="Cut" damage_factor="4.0" />
    </BladeData>
    <Flags>
      <Flag name="Civilian" type="ItemFlags" />
    </Flags>
    <Materials>
      <Material id="Iron6" count="3" />
    </Materials>
  </CraftingPiece>
  <CraftingPiece id="aserai_noble_blade_3" name="{=RdVX1jC0}Engraved Kaskara Blade" tier="5" piece_type="Blade" mesh="aserai_noble_blade_3" culture="Culture.aserai" length="71" weight="0.9">
    <PieceUsages unavailable_usages="" />
    <BladeData sharpness="3" physics_material="metal_weapon" body_name="bo_sword_one_handed" holster_mesh="aserai_noble_blade_3_scabbard_3">
      <Thrust damage_type="Pierce" damage_factor="3.250" />
      <Swing damage_type="Cut" damage_factor="4.2" />
    </BladeData>
    <Flags>
      <Flag name="Civilian" type="ItemFlags" />
    </Flags>
    <Materials>
      <Material id="Iron6" count="3" />
    </Materials>
  </CraftingPiece>
  <CraftingPiece id="aserai_noble_blade_4" name="{=xYgJN0Ja}Decorated Scimitar Blade" tier="5" piece_type="Blade" mesh="aserai_noble_blade_4" culture="Culture.aserai" length="87.4" weight="1.0">
    <PieceUsages unavailable_usages="" />
    <BladeData sharpness="3" physics_material="metal_weapon" body_name="bo_sword_one_handed" holster_mesh="aserai_noble_blade_4_scabbard_4">
      <Thrust damage_type="Pierce" damage_factor="2.750" />
      <Swing damage_type="Cut" damage_factor="4.3" />
    </BladeData>
    <Flags>
      <Flag name="Civilian" type="ItemFlags" />
    </Flags>
    <Materials>
      <Material id="Iron6" count="3" />
    </Materials>
  </CraftingPiece>
  <CraftingPiece id="battania_blade_3_crude_iron" name="{=EBlx3VId}Highland Crude Iron Blade" tier="1" piece_type="Blade" mesh="battania_blade_3_crude_iron" culture="Culture.battania" length="80.8" weight="1.4">
    <PieceUsages unavailable_usages="" />
    <BladeData sharpness="3" physics_material="metal_weapon" body_name="bo_sword_one_handed" holster_mesh="battania_blade_3_scabbard_3">
      <Thrust damage_type="Pierce" damage_factor="2.500" />
      <Swing damage_type="Cut" damage_factor="2.6" />
    </BladeData>
    <Flags>
      <Flag name="Civilian" type="ItemFlags" />
    </Flags>
    <Materials>
      <Material id="Iron2" count="3" />
    </Materials>
  </CraftingPiece>
  <CraftingPiece id="battania_blade_3_steel" name="{=oW5N04JL}Highland Steel Blade" tier="3" piece_type="Blade" mesh="battania_blade_3_steel" culture="Culture.battania" length="80.8" weight="1.1">
    <PieceUsages unavailable_usages="" />
    <BladeData sharpness="3" physics_material="metal_weapon" body_name="bo_sword_one_handed" holster_mesh="battania_blade_3_scabbard_3">
      <Thrust damage_type="Pierce" damage_factor="3.500" />
      <Swing damage_type="Cut" damage_factor="3.6" />
    </BladeData>
    <Flags>
      <Flag name="Civilian" type="ItemFlags" />
    </Flags>
    <Materials>
      <Material id="Iron4" count="3" />
    </Materials>
  </CraftingPiece>
  <!-- #endregion -->
  <!-- #region Used Sword Guard Pieces -->
  <!-- #endregion -->
  <!-- #region Sword Guard Pieces -->
  <!-- #endregion -->
  <!-- #region Used Sword Handle Pieces -->
  <!-- #endregion -->
  <!-- #region Sword Handle Pieces -->
  <!-- #endregion -->
  <!-- #region Used Sword Pommel Pieces -->
  <!-- #endregion -->
  <!-- #region Sword Pommel Pieces -->
  <!-- #endregion -->
  <!-- #endregion -->
  <!-- #region Dagger Pieces -->
  <!-- #region Dagger Blade Pieces -->
  <CraftingPiece id="dagger_blade_1" name="{=gXUXjtuL}Kama Blade" tier="1" piece_type="Blade" mesh="dagger_blade_1" length="39" weight="0.205" is_default="true">
    <PieceUsages unavailable_usages="ThrowingKnife" />
    <BladeData sharpness="3" physics_material="metal_weapon" body_name="bo_knife_a" holster_mesh="">
      <Thrust damage_type="Pierce" damage_factor="3.000" />
      <Swing damage_type="Cut" damage_factor="3.5" />
    </BladeData>
    <Materials>
      <Material id="Iron3" count="1" />
    </Materials>
  </CraftingPiece>
  <CraftingPiece id="dagger_blade_2" name="{=dtSrK9bs}Broad Seax Blade" tier="2" piece_type="Blade" mesh="dagger_blade_2" length="40" weight="0.355">
    <PieceUsages unavailable_usages="ThrowingKnife" />
    <BladeData sharpness="3" physics_material="metal_weapon" body_name="bo_knife_a" holster_mesh="">
      <Thrust damage_type="Pierce" damage_factor="3.000" />
      <Swing damage_type="Cut" damage_factor="3.5" />
    </BladeData>
    <Materials>
      <Material id="Iron3" count="1" />
    </Materials>
  </CraftingPiece>
  <CraftingPiece id="dagger_blade_3" name="{=aBnaaaHv}Long Seax Blade" tier="3" piece_type="Blade" mesh="dagger_blade_3" length="47" weight="0.15">
    <PieceUsages unavailable_usages="ThrowingKnife" />
    <BladeData sharpness="3" physics_material="metal_weapon" body_name="bo_knife_a" holster_mesh="">
      <Thrust damage_type="Pierce" damage_factor="3.000" />
      <Swing damage_type="Cut" damage_factor="3.5" />
    </BladeData>
    <Flags>
      <Flag name="CanBePickedUpFromCorpse" type="ItemFlags" />
    </Flags>
    <Materials>
      <Material id="Iron4" count="1" />
    </Materials>
  </CraftingPiece>
  <CraftingPiece id="dagger_blade_4" name="{=pb4zUxzA}Makhaira Blade" tier="3" piece_type="Blade" mesh="dagger_blade_4" length="38" weight="0.25">
    <PieceUsages unavailable_usages="ThrowingKnife" />
    <BladeData sharpness="3" physics_material="metal_weapon" body_name="bo_knife_a" holster_mesh="">
      <Thrust damage_type="Pierce" damage_factor="3.000" />
      <Swing damage_type="Cut" damage_factor="3.5" />
    </BladeData>
    <Materials>
      <Material id="Iron4" count="2" />
    </Materials>
  </CraftingPiece>
  <CraftingPiece id="dagger_blade_5" name="{=ZbSKazZG}Short Seax Blade" tier="1" piece_type="Blade" mesh="dagger_blade_5" length="32" weight="0.225">
    <PieceUsages unavailable_usages="ThrowingKnife" />
    <BladeData sharpness="3" physics_material="metal_weapon" body_name="bo_knife_a" holster_mesh="">
      <Thrust damage_type="Pierce" damage_factor="3.000" />
      <Swing damage_type="Cut" damage_factor="3.5" />
    </BladeData>
    <Materials>
      <Material id="Iron2" count="1" />
    </Materials>
  </CraftingPiece>
  <CraftingPiece id="dagger_blade_6" name="{=f0syWNR7}Poniard Blade" tier="3" piece_type="Blade" mesh="dagger_blade_6" length="44.7" weight="0.27">
    <PieceUsages unavailable_usages="ThrowingKnife" />
    <BladeData sharpness="3" physics_material="metal_weapon" body_name="bo_knife_a" holster_mesh="">
      <Thrust damage_type="Pierce" damage_factor="3.000" />
      <Swing damage_type="Cut" damage_factor="3.5" />
    </BladeData>
    <Materials>
      <Material id="Iron4" count="2" />
    </Materials>
  </CraftingPiece>
  <CraftingPiece id="dagger_blade_6_blunt" name="{=Xo7l8eae}Blunt Blade" tier="1" piece_type="Blade" mesh="dagger_blade_6" length="44.7" weight="0.27" is_hidden="true">
    <PieceUsages unavailable_usages="ThrowingKnife" />
    <BladeData sharpness="3" physics_material="metal_weapon" body_name="bo_knife_a" holster_mesh="">
      <Thrust damage_type="Blunt" damage_factor="3.000" />
      <Swing damage_type="Blunt" damage_factor="2.6" />
    </BladeData>
    <Materials>
      <Material id="Iron4" count="3" />
    </Materials>
  </CraftingPiece>
  <CraftingPiece id="dagger_blade_7" name="{=KNisROi1}Broad Skaen Blade" tier="2" piece_type="Blade" mesh="dagger_blade_7" length="40" weight="0.325">
    <PieceUsages unavailable_usages="ThrowingKnife" />
    <BladeData sharpness="3" physics_material="metal_weapon" body_name="bo_knife_a" holster_mesh="">
      <Thrust damage_type="Pierce" damage_factor="3.000" />
      <Swing damage_type="Cut" damage_factor="3.5" />
    </BladeData>
    <Materials>
      <Material id="Iron3" count="1" />
    </Materials>
  </CraftingPiece>
  <CraftingPiece id="dagger_blade_8" name="{=b30mn7KF}Khanjar Blade" tier="3" piece_type="Blade" mesh="dagger_blade_8" length="37.9" weight="0.535">
    <PieceUsages unavailable_usages="ThrowingKnife" />
    <BladeData sharpness="3" physics_material="metal_weapon" body_name="bo_knife_a" holster_mesh="">
      <Thrust damage_type="Pierce" damage_factor="3.000" />
      <Swing damage_type="Cut" damage_factor="3.5" />
    </BladeData>
    <Materials>
      <Material id="Iron4" count="2" />
    </Materials>
  </CraftingPiece>
  <CraftingPiece id="dagger_blade_9" name="{=SgJH5KtP}Sica Blade" tier="3" piece_type="Blade" mesh="dagger_blade_9" length="43" weight="0.475">
    <PieceUsages unavailable_usages="ThrowingKnife" />
    <BladeData sharpness="3" physics_material="metal_weapon" body_name="bo_knife_a" holster_mesh="">
      <Thrust damage_type="Pierce" damage_factor="3.000" />
      <Swing damage_type="Cut" damage_factor="3.5" />
    </BladeData>
    <Materials>
      <Material id="Iron4" count="1" />
    </Materials>
  </CraftingPiece>
  <CraftingPiece id="dagger_blade_10" name="{=TLtaGEcB}Wide Makhaira Blade" tier="2" piece_type="Blade" mesh="dagger_blade_10" length="30" weight="0.475">
    <PieceUsages unavailable_usages="" />
    <BladeData sharpness="3" physics_material="metal_weapon" body_name="bo_knife_a" holster_mesh="throwing_dagger_quiver_2" holster_mesh_length="35.8">
      <Thrust damage_type="Pierce" damage_factor="3.000" />
      <Swing damage_type="Cut" damage_factor="3.5" />
    </BladeData>
    <Materials>
      <Material id="Iron3" count="1" />
    </Materials>
  </CraftingPiece>
  <CraftingPiece id="dagger_blade_11" name="{=ykTYTbek}Throwing Knife Blade" tier="2" piece_type="Blade" mesh="dagger_blade_11" length="30" weight="0.475">
    <PieceUsages unavailable_usages="" />
    <BladeData sharpness="3" physics_material="metal_weapon" body_name="bo_knife_a" holster_mesh="throwing_dagger_quiver_2" holster_mesh_length="35.8">
      <Thrust damage_type="Pierce" damage_factor="3.000" />
      <Swing damage_type="Cut" damage_factor="3.5" />
    </BladeData>
    <Materials>
      <Material id="Iron3" count="1" />
    </Materials>
  </CraftingPiece>
  <CraftingPiece id="dagger_blade_12" name="{=HysmKS5a}Ridged Wide Dagger Blade" tier="1" piece_type="Blade" mesh="dagger_blade_12" length="25.2" weight="0.475">
    <PieceUsages unavailable_usages="" />
    <BladeData sharpness="3" physics_material="metal_weapon" body_name="bo_knife_a" holster_mesh="throwing_dagger_quiver_3" holster_mesh_length="35.8">
      <Thrust damage_type="Pierce" damage_factor="3.000" />
      <Swing damage_type="Cut" damage_factor="3.5" />
    </BladeData>
    <Materials>
      <Material id="Iron2" count="1" />
    </Materials>
  </CraftingPiece>
  <CraftingPiece id="dagger_blade_13" name="{=5o5DaSHZ}Broad Dagger Blade" tier="2" piece_type="Blade" mesh="dagger_blade_13" length="29" weight="0.475">
    <PieceUsages unavailable_usages="" />
    <BladeData sharpness="3" physics_material="metal_weapon" body_name="bo_knife_a" holster_mesh="throwing_dagger_quiver_1" holster_mesh_length="35.8">
      <Thrust damage_type="Pierce" damage_factor="3.000" />
      <Swing damage_type="Cut" damage_factor="3.5" />
    </BladeData>
    <Materials>
      <Material id="Iron3" count="2" />
    </Materials>
  </CraftingPiece>
  <CraftingPiece id="dagger_blade_14" name="{=QH0oIiIz}Long Broad Dagger Blade" tier="3" piece_type="Blade" mesh="dagger_blade_14" length="35" weight="0.475">
    <PieceUsages unavailable_usages="" />
    <BladeData sharpness="3" physics_material="metal_weapon" body_name="bo_knife_a" holster_mesh="throwing_dagger_quiver_4" holster_mesh_length="35.8">
      <Thrust damage_type="Pierce" damage_factor="3.000" />
      <Swing damage_type="Cut" damage_factor="3.5" />
    </BladeData>
    <Materials>
      <Material id="Iron4" count="1" />
    </Materials>
  </CraftingPiece>
  <!-- #endregion -->
  <!-- #region Dagger Guard Pieces -->
  <!-- #endregion -->
  <!-- #endregion -->
  <!-- #region Axe Pieces -->
  <!-- #region Used Axe Blade Pieces -->
  <!--Bardiche-->
  <!-- #endregion -->
  <!-- #region Used 2h Axe Blade Pieces -->
  <!-- #endregion -->
  <!-- #region Used Throwing Axe Blade Pieces -->
  <!-- #endregion -->
  <!-- #region Axe Blade Pieces -->
  <!-- #endregion-->
  <!-- #region Used Axe Handle Pieces -->
  <!-- #endregion -->
  <!-- #region Used 2h Axe Handle Pieces -->
  <!-- #endregion -->
  <!-- #region Used Throwing Axe Handle Pieces -->
  <!-- #endregion -->
  <!-- #region Axe Handle Pieces -->
  <!-- #endregion -->
  <!-- #endregion -->
  <!-- #region Polearm Pieces -->
  <!-- #region Used Spear Blade Pieces -->
  <CraftingPiece id="spear_blade_20" name="{=uwG8iwBc}Long Grassland Spear" tier="3" piece_type="Blade" mesh="spear_blade_20" length="46" weight="0.3592" excluded_item_usage_features="swing">
    <PieceUsages unavailable_usages="" />
    <BladeData sharpness="3" physics_material="wood_weapon" body_name="bo_spear_b">
      <Thrust damage_type="Pierce" damage_factor="4.2" />
    </BladeData>
    <Materials>
      <Material id="Iron4" count="1" />
    </Materials>
  </CraftingPiece>
  <CraftingPiece id="spear_blade_38" name="{=nr3K4od2}Pilum Head" tier="4" piece_type="Blade" mesh="spear_blade_38" length="23.7" weight="0.0744" excluded_item_usage_features="swing">
    <PieceUsages unavailable_usages="TwoHandedPolearm_Couchable" />
    <BladeData sharpness="2" physics_material="wood_weapon" body_name="bo_spear_b" holster_mesh="throwing_spear_quiver_3_2" holster_body_name="bo_throwing_spear_quiver_3_2" holster_mesh_length="96.8">
      <Thrust damage_type="Pierce" damage_factor="5.0" />
    </BladeData>
    <Flags>
      <Flag name="BonusAgainstShield" />
    </Flags>
    <Materials>
      <Material id="Iron3" count="1" />
    </Materials>
  </CraftingPiece>
  <CraftingPiece id="spear_blade_32" name="{=SVBYn9KW}Iron Fork" tier="1" piece_type="Blade" mesh="spear_blade_32" length="32.7" weight="0.7176" excluded_item_usage_features="swing">
    <PieceUsages unavailable_usages="" />
    <BladeData sharpness="3" physics_material="wood_weapon" body_name="bo_spear_b">
      <Thrust damage_type="Pierce" damage_factor="3.0" />
    </BladeData>
    <Materials>
      <Material id="Iron1" count="1" />
    </Materials>
  </CraftingPiece>
  <CraftingPiece id="spear_blade_6" name="{=S75vUGzK}Fine Steel Hewing Spear Head" tier="5" piece_type="Blade" mesh="spear_blade_6" length="84.4" weight="0.4" excluded_item_usage_features="swing">
    <PieceUsages unavailable_usages="" />
    <BladeData sharpness="3" physics_material="wood_weapon" body_name="bo_spear_b">
      <Thrust damage_type="Pierce" damage_factor="5.2" />
    </BladeData>
    <Materials>
      <Material id="Iron5" count="1" />
    </Materials>
  </CraftingPiece>
  <CraftingPiece id="spear_blade_1" name="{=Oxew9WCe}Imperial Simple Spear Head" tier="2" piece_type="Blade" mesh="spear_blade_1" length="48" weight="0.3384" excluded_item_usage_features="swing">
    <PieceUsages unavailable_usages="" />
    <BladeData sharpness="5" physics_material="wood_weapon" body_name="bo_spear_b" holster_mesh="throwing_spear_quiver_4" holster_body_name="bo_throwing_spear_quiver_4" holster_mesh_length="96.2">
      <Thrust damage_type="Pierce" damage_factor="4.4" />
    </BladeData>
    <Materials>
      <Material id="Iron2" count="1" />
    </Materials>
  </CraftingPiece>
  <CraftingPiece id="spear_blade_5" name="{=QwfDN06p}Knightly Lance Head" tier="5" piece_type="Blade" mesh="spear_blade_5" length="52.242" weight="0.4056" excluded_item_usage_features="swing">
    <PieceUsages unavailable_usages="" />
    <BladeData sharpness="3" physics_material="wood_weapon" body_name="bo_spear_b">
      <Thrust damage_type="Pierce" damage_factor="5.6" />
    </BladeData>
    <Materials>
      <Material id="Iron5" count="1" />
    </Materials>
  </CraftingPiece>
  <CraftingPiece id="spear_blade_8" name="{=CdBAvJdP}Kontos Head" tier="3" piece_type="Blade" mesh="spear_blade_8" length="60.153" weight="0.7" excluded_item_usage_features="swing">
    <PieceUsages unavailable_usages="" />
    <BladeData sharpness="3" physics_material="wood_weapon" body_name="bo_spear_b">
      <Thrust damage_type="Pierce" damage_factor="4.0" />
    </BladeData>
    <Materials>
      <Material id="Iron3" count="2" />
    </Materials>
  </CraftingPiece>
  <CraftingPiece id="spear_blade_4" name="{=ZcUNAfKT}Extra Long Fine Steel Spear Head" tier="4" piece_type="Blade" mesh="spear_blade_4" length="72.558" weight="0.6168" excluded_item_usage_features="swing">
    <PieceUsages unavailable_usages="" />
    <BladeData sharpness="3" physics_material="wood_weapon" body_name="bo_spear_b">
      <Thrust damage_type="Pierce" damage_factor="5.0" />
    </BladeData>
    <Materials>
      <Material id="Iron4" count="2" />
    </Materials>
  </CraftingPiece>
  <CraftingPiece id="spear_blade_35" name="{=ZUp9mm79}Jagged Spear Head" tier="3" piece_type="Blade" mesh="spear_blade_35" length="41" weight="0.3256" excluded_item_usage_features="swing">
    <PieceUsages unavailable_usages="TwoHandedPolearm_Couchable" />
    <BladeData sharpness="4" physics_material="wood_weapon" body_name="bo_spear_b" holster_mesh="throwing_spear_quiver_5_1" holster_body_name="bo_throwing_spear_quiver_5_1" holster_mesh_length="96.7">
      <Thrust damage_type="Pierce" damage_factor="4.0" />
    </BladeData>
    <Materials>
      <Material id="Iron3" count="3" />
    </Materials>
  </CraftingPiece>
  <CraftingPiece id="spear_blade_42" name="{=9aYBy1RN}Fine Steel Leaf Spear Head" tier="4" piece_type="Blade" mesh="spear_blade_42" length="42" weight="0.2456" excluded_item_usage_features="swing">
    <PieceUsages unavailable_usages="" />
    <BladeData sharpness="5" physics_material="wood_weapon" body_name="bo_spear_b" holster_mesh="throwing_spear_quiver_4_1" holster_body_name="bo_throwing_spear_quiver_4_1" holster_mesh_length="96.2">
      <Thrust damage_type="Pierce" damage_factor="5.0" />
    </BladeData>
    <Materials>
      <Material id="Iron4" count="2" />
    </Materials>
  </CraftingPiece>
  <CraftingPiece id="spear_blade_14" name="{=T1aiDuOp}Narrow Menavlon Head" tier="3" piece_type="Blade" mesh="spear_blade_14" length="46.28" weight="0.3768" excluded_item_usage_features="swing">
    <PieceUsages unavailable_usages="" />
    <BladeData sharpness="5" physics_material="wood_weapon" body_name="bo_spear_b" holster_mesh="throwing_spear_quiver_4" holster_body_name="bo_throwing_spear_quiver_4" holster_mesh_length="96.2">
      <Thrust damage_type="Pierce" damage_factor="4.8" />
    </BladeData>
    <Materials>
      <Material id="Iron3" count="1" />
    </Materials>
  </CraftingPiece>
  <CraftingPiece id="spear_blade_37" name="{=XSabsFbx}Weighted Awl Pike Head" tier="3" piece_type="Blade" mesh="spear_blade_37" length="23.7" weight="0.4104" excluded_item_usage_features="swing">
    <PieceUsages unavailable_usages="" />
    <BladeData sharpness="5" physics_material="wood_weapon" body_name="bo_spear_b" holster_mesh="throwing_spear_quiver_5" holster_body_name="bo_throwing_spear_quiver_5" holster_mesh_length="96.7">
      <Thrust damage_type="Pierce" damage_factor="4.4" />
    </BladeData>
    <Materials>
      <Material id="Iron3" count="2" />
    </Materials>
  </CraftingPiece>
  <CraftingPiece id="spear_blade_27" name="{=1rGNXUaJ}Thin Fine Steel Hewing Spear Head" tier="5" piece_type="Blade" mesh="spear_blade_27" length="69.5" weight="0.5" excluded_item_usage_features="swing">
    <PieceUsages unavailable_usages="" />
    <BladeData sharpness="5" physics_material="wood_weapon" body_name="bo_spear_b" holster_mesh="throwing_spear_quiver_2" holster_body_name="bo_throwing_spear_quiver_2" holster_mesh_length="94.6">
      <Thrust damage_type="Pierce" damage_factor="5.6" />
    </BladeData>
    <Materials>
      <Material id="Iron5" count="2" />
    </Materials>
  </CraftingPiece>
  <CraftingPiece id="spear_blade_40" name="{=NAHHwS3G}Broad Leaf Shaped Spear Tip" tier="3" piece_type="Blade" mesh="spear_blade_40" length="42" weight="0.3928">
    <PieceUsages unavailable_usages="" />
    <BladeData sharpness="3" physics_material="wood_weapon" body_name="bo_spear_b">
      <Thrust damage_type="Pierce" damage_factor="2.625" />
      <Swing damage_type="Blunt" damage_factor="1.1" />
    </BladeData>
    <Materials>
      <Material id="Iron3" count="2" />
    </Materials>
  </CraftingPiece>
  <CraftingPiece id="spear_blade_36" name="{=nRKOX66b}Jagged Fine Steel Spear Head" tier="4" piece_type="Blade" mesh="spear_blade_36" length="42.5" weight="0.268" excluded_item_usage_features="swing">
    <PieceUsages unavailable_usages="" />
    <BladeData sharpness="3" physics_material="wood_weapon" body_name="bo_spear_b">
      <Thrust damage_type="Pierce" damage_factor="4.8" />
    </BladeData>
    <Materials>
      <Material id="Iron4" count="2" />
    </Materials>
  </CraftingPiece>
  <CraftingPiece id="spear_blade_15" name="{=Y4tIQnS4}Short Simple Spear Head" tier="2" piece_type="Blade" mesh="spear_blade_15" length="22.862" weight="0.2136" excluded_item_usage_features="swing">
    <PieceUsages unavailable_usages="" />
    <BladeData sharpness="4" physics_material="wood_weapon" body_name="bo_spear_b" holster_mesh="throwing_spear_quiver_1_1" holster_body_name="bo_throwing_spear_quiver_1_1" holster_mesh_length="68.9">
      <Thrust damage_type="Pierce" damage_factor="3.4" />
    </BladeData>
    <Materials>
      <Material id="Iron2" count="1" />
    </Materials>
  </CraftingPiece>
  <CraftingPiece id="spear_blade_41" name="{=TKVxb6QD}Thamaskene Steel Leaf Shaped Spear Head" tier="4" piece_type="Blade" mesh="spear_blade_41" length="53.2" weight="0.2792" excluded_item_usage_features="swing">
    <PieceUsages unavailable_usages="" />
    <BladeData sharpness="1" physics_material="wood_weapon" body_name="bo_spear_b">
      <Thrust damage_type="Pierce" damage_factor="5.0" />
    </BladeData>
    <Materials>
      <Material id="Iron5" count="2" />
    </Materials>
  </CraftingPiece>
  <CraftingPiece id="axe_craft_10_head" name="{=LNDbMUK0}Voulge Head" tier="4" piece_type="Blade" mesh="axe_craft_10_head" top_length="23" bottom_length="4" weight="0.7" blade_width="18.371" blade_bot_len="0.118">
    <PieceUsages unavailable_usages="" />
    <BuildData move_diff="-8" />
    <BladeData sharpness="3" physics_material="metal_weapon" body_name="bo_axe_longer_b">
      <Thrust damage_type="Pierce" damage_factor="3.250" />
      <Swing damage_type="Cut" damage_factor="4.7" />
    </BladeData>
    <Flags>
      <Flag name="CanBePickedUpFromCorpse" type="ItemFlags" />
    </Flags>
    <Materials>
      <Material id="Iron5" count="2" />
    </Materials>
  </CraftingPiece>
  <CraftingPiece id="spear_blade_18" name="{=qSV6C2tp}Swordstaff Head" tier="5" piece_type="Blade" mesh="spear_blade_18" length="70" weight="0.9096">
    <PieceUsages unavailable_usages="" />
    <BladeData sharpness="3" physics_material="wood_weapon" body_name="bo_spear_b">
      <Thrust damage_type="Pierce" damage_factor="3.500" />
      <Swing damage_type="Cut" damage_factor="4.6" />
    </BladeData>
    <Materials>
      <Material id="Iron4" count="2" />
    </Materials>
  </CraftingPiece>
  <CraftingPiece id="spear_blade_19" name="{=OBeOZ27b}Glaive Head" tier="4" piece_type="Blade" mesh="spear_blade_19" length="37.4" weight="0.4408">
    <PieceUsages unavailable_usages="" />
    <BladeData sharpness="3" physics_material="wood_weapon" body_name="bo_spear_b">
      <Thrust damage_type="Pierce" damage_factor="2.125" />
      <Swing damage_type="Cut" damage_factor="3.8" />
    </BladeData>
    <Materials>
      <Material id="Iron4" count="1" />
    </Materials>
  </CraftingPiece>
  <CraftingPiece id="spear_blade_24" name="{=bjQ8J71a}Long Glaive Head" tier="5" piece_type="Blade" mesh="spear_blade_24" length="68" weight="0.5">
    <PieceUsages unavailable_usages="" />
    <BladeData sharpness="3" physics_material="wood_weapon" body_name="bo_spear_b">
      <Thrust damage_type="Pierce" damage_factor="3.125" />
      <Swing damage_type="Cut" damage_factor="4.9" />
    </BladeData>
    <Materials>
      <Material id="Iron5" count="2" />
    </Materials>
  </CraftingPiece>
  <CraftingPiece id="spear_blade_43" name="{=wait0O6m}Warrazor Head" tier="4" piece_type="Blade" mesh="spear_blade_43" length="64.4" weight="0.43" excluded_item_usage_features="">
    <PieceUsages unavailable_usages="OneHandedPolearm" />
    <BladeData sharpness="3" physics_material="wood_weapon" body_name="bo_spear_b">
      <Thrust damage_type="Pierce" damage_factor="3.250" />
      <Swing damage_type="Cut" damage_factor="4.1" />
    </BladeData>
    <Materials>
      <Material id="Iron4" count="2" />
    </Materials>
  </CraftingPiece>
  <CraftingPiece id="spear_blade_44" name="{=wait0O6m}Warrazor Head1" tier="4" piece_type="Blade" mesh="spear_blade_44" length="80" weight="0.43" excluded_item_usage_features="">
    <PieceUsages unavailable_usages="OneHandedPolearm" />
    <BladeData sharpness="3" physics_material="wood_weapon" body_name="bo_spear_b">
      <Thrust damage_type="Pierce" damage_factor="3.250" />
      <Swing damage_type="Cut" damage_factor="4.1" />
    </BladeData>
    <Materials>
      <Material id="Iron4" count="2" />
    </Materials>
  </CraftingPiece>
  <CraftingPiece id="spear_blade_45" name="{=wait0O6m}Warrazor Head2" tier="4" piece_type="Blade" mesh="spear_blade_45" length="40" weight="0.43" excluded_item_usage_features="">
    <PieceUsages unavailable_usages="OneHandedPolearm" />
    <BladeData sharpness="3" physics_material="wood_weapon" body_name="bo_spear_b">
      <Thrust damage_type="Pierce" damage_factor="3.250" />
      <Swing damage_type="Cut" damage_factor="4.1" />
    </BladeData>
    <Materials>
      <Material id="Iron4" count="2" />
    </Materials>
  </CraftingPiece>
  <CraftingPiece id="spear_blade_10" name="{=emUoygLE}Harpoon Head" tier="2" piece_type="Blade" mesh="spear_blade_10" length="39.775" weight="0.54" excluded_item_usage_features="swing">
    <PieceUsages unavailable_usages="" />
    <BladeData sharpness="5" physics_material="wood_weapon" body_name="bo_spear_b" holster_mesh="throwing_spear_quiver_1" holster_body_name="bo_throwing_spear_quiver_1" holster_mesh_length="68.9">
      <Thrust damage_type="Pierce" damage_factor="4.8" />
    </BladeData>
    <Materials>
      <Material id="Iron3" count="1" />
    </Materials>
  </CraftingPiece>
  <CraftingPiece id="spear_blade_23" name="{=OryiZr9d}Kontarion" tier="3" piece_type="Blade" mesh="spear_blade_23" length="42" weight="0.352" excluded_item_usage_features="swing">
    <PieceUsages unavailable_usages="" />
    <BladeData sharpness="3" physics_material="wood_weapon" body_name="bo_spear_b">
      <Thrust damage_type="Pierce" damage_factor="4.0" />
    </BladeData>
    <Materials>
      <Material id="Iron3" count="2" />
    </Materials>
  </CraftingPiece>
  <CraftingPiece id="spear_blade_7" name="{=dXRt8jY4}Menavlion Head" tier="4" piece_type="Blade" mesh="spear_blade_7" length="52.924" weight="0.3656">
    <PieceUsages unavailable_usages="" />
    <BladeData sharpness="3" physics_material="wood_weapon" body_name="bo_spear_b">
      <Thrust damage_type="Pierce" damage_factor="3.500" />
      <Swing damage_type="Cut" damage_factor="3.5" />
    </BladeData>
    <Materials>
      <Material id="Iron4" count="1" />
    </Materials>
  </CraftingPiece>
  <CraftingPiece id="spear_blade_13" name="{=MpVC0RXl}Northern Triangular Spear" tier="5" piece_type="Blade" mesh="spear_blade_13" length="50.864" weight="0.5592" excluded_item_usage_features="swing">
    <PieceUsages unavailable_usages="" />
    <BladeData sharpness="3" physics_material="wood_weapon" body_name="bo_spear_b">
      <Thrust damage_type="Pierce" damage_factor="5.6" />
    </BladeData>
    <Materials>
      <Material id="Iron5" count="2" />
    </Materials>
  </CraftingPiece>
  <CraftingPiece id="spear_blade_29" name="{=ZgCUNieQ}Fork Head" tier="1" piece_type="Blade" mesh="spear_blade_29" length="42.5" weight="0.272" excluded_item_usage_features="swing">
    <!--WOOD-->
    <PieceUsages unavailable_usages="" />
    <BladeData sharpness="3" physics_material="wood_weapon" body_name="bo_spear_b">
      <Thrust damage_type="Pierce" damage_factor="3.0" />
    </BladeData>
    <Materials>
      <Material id="Wood" count="2" />
    </Materials>
  </CraftingPiece>
  <CraftingPiece id="spear_blade_16" name="{=Js1FKwrL}Javelin Head" tier="2" piece_type="Blade" mesh="spear_blade_16" length="23.328" weight="0.204" excluded_item_usage_features="swing">
    <PieceUsages unavailable_usages="" />
    <BladeData sharpness="4" physics_material="wood_weapon" body_name="bo_spear_b" holster_mesh="throwing_spear_quiver_3_1" holster_body_name="bo_throwing_spear_quiver_3_1" holster_mesh_length="96.8">
      <Thrust damage_type="Pierce" damage_factor="3.6" />
    </BladeData>
    <Materials>
      <Material id="Iron2" count="1" />
    </Materials>
  </CraftingPiece>
  <CraftingPiece id="spear_blade_11" name="{=S9zZO7qJ}Fine Steel Pike Head" tier="4" piece_type="Blade" mesh="spear_blade_11" length="34.56" weight="0.3096" excluded_item_usage_features="swing">
    <PieceUsages unavailable_usages="" />
    <BladeData sharpness="3" physics_material="wood_weapon" body_name="bo_spear_b">
      <Thrust damage_type="Pierce" damage_factor="5.2" />
    </BladeData>
    <Materials>
      <Material id="Iron4" count="1" />
    </Materials>
  </CraftingPiece>
  <CraftingPiece id="spear_blade_9" name="{=r3R6RM9G}Short Simple Pike Head" tier="1" piece_type="Blade" mesh="spear_blade_9" length="23.328" weight="0.204" excluded_item_usage_features="swing" is_default="true">
    <PieceUsages unavailable_usages="" />
    <BladeData sharpness="3" physics_material="wood_weapon" body_name="bo_spear_b" holster_mesh="throwing_spear_quiver_3_1" holster_body_name="bo_throwing_spear_quiver_3_1" holster_mesh_length="96.8">
      <Thrust damage_type="Pierce" damage_factor="3.2" />
    </BladeData>
    <Materials>
      <Material id="Iron2" count="1" />
    </Materials>
  </CraftingPiece>
  <CraftingPiece id="spear_blade_3" name="{=ZAoWK9Gt}Rounded Imperial Spear Head" tier="2" piece_type="Blade" mesh="spear_blade_3" length="57.143" weight="0.4536" excluded_item_usage_features="swing">
    <PieceUsages unavailable_usages="" />
    <BladeData sharpness="3" physics_material="wood_weapon" body_name="bo_spear_b">
      <Thrust damage_type="Pierce" damage_factor="3.4" />
    </BladeData>
    <Materials>
      <Material id="Iron2" count="1" />
    </Materials>
  </CraftingPiece>
  <CraftingPiece id="spear_blade_26" name="{=Y0gbKTgZ}Sturgian Military Fork Head" tier="2" piece_type="Blade" mesh="spear_blade_26" length="29.8" weight="0.4584" excluded_item_usage_features="swing">
    <PieceUsages unavailable_usages="" />
    <BladeData sharpness="3" physics_material="wood_weapon" body_name="bo_spear_b">
      <Thrust damage_type="Pierce" damage_factor="3.6" />
    </BladeData>
    <Materials>
      <Material id="Iron2" count="2" />
    </Materials>
  </CraftingPiece>
  <CraftingPiece id="spear_blade_2" name="{=U30HpvtI}Triangular Iron Northern Spear Head" tier="3" piece_type="Blade" mesh="spear_blade_2" length="47.843" weight="0.3912" excluded_item_usage_features="swing">
    <PieceUsages unavailable_usages="" />
    <BladeData sharpness="3" physics_material="wood_weapon" body_name="bo_spear_b">
      <Thrust damage_type="Pierce" damage_factor="4.0" />
    </BladeData>
    <Materials>
      <Material id="Iron3" count="2" />
    </Materials>
  </CraftingPiece>
  <CraftingPiece id="spear_blade_39" name="{=8T7gNbfM}Drilled Wide Leaf Shaped Spear Head" tier="4" piece_type="Blade" mesh="spear_blade_39" length="54.2" weight="0.4216" excluded_item_usage_features="swing">
    <PieceUsages unavailable_usages="" />
    <BladeData sharpness="3" physics_material="wood_weapon" body_name="bo_spear_b">
      <Thrust damage_type="Pierce" damage_factor="5.0" />
    </BladeData>
    <Materials>
      <Material id="Iron4" count="2" />
    </Materials>
  </CraftingPiece>
  <CraftingPiece id="spear_blade_25" name="{=mrTkURKV}Notched Fork Head" tier="3" piece_type="Blade" mesh="spear_blade_25" length="42.5" weight="0.6504" excluded_item_usage_features="swing">
    <PieceUsages unavailable_usages="" />
    <BladeData sharpness="3" physics_material="wood_weapon" body_name="bo_spear_b">
      <Thrust damage_type="Pierce" damage_factor="4.4" />
    </BladeData>
    <Materials>
      <Material id="Iron3" count="2" />
    </Materials>
  </CraftingPiece>
  <CraftingPiece id="spear_blade_22" name="{=3ged5Ozt}Exceptional Eastern Glaive" tier="4" piece_type="Blade" mesh="spear_blade_22" length="89" weight="0.8456">
    <PieceUsages unavailable_usages="" />
    <BladeData sharpness="3" physics_material="wood_weapon" body_name="bo_spear_b">
      <Thrust damage_type="Pierce" damage_factor="2.125" />
      <Swing damage_type="Cut" damage_factor="3.8" />
    </BladeData>
    <Materials>
      <Material id="Iron5" count="2" />
    </Materials>
  </CraftingPiece>
  <CraftingPiece id="spear_blade_34" name="{=V9Kbq6vj}Blunt Practice Tip" tier="1" piece_type="Blade" mesh="spear_blade_34" length="18.3" weight="0.4776">
    <PieceUsages unavailable_usages="TwoHandedPolearm_Couchable:Javelin" />
    <BladeData sharpness="3" physics_material="wood_weapon" body_name="bo_spear_b">
      <Thrust damage_type="Blunt" damage_factor="2.000" />
      <Swing damage_type="Blunt" damage_factor="2.0" />
    </BladeData>
    <Materials>
      <Material id="Iron2" count="2" />
    </Materials>
    <Flags>
      <Flag name="NoBlood" />
    </Flags>
  </CraftingPiece>
  <!-- #endregion -->
  <!-- #region Polearm Blade Pieces -->
  <CraftingPiece id="spear_blade_30" name="{=QNe7mQlZ}Rake Head" tier="1" piece_type="Blade" mesh="spear_blade_30" length="42.5" weight="0.368" excluded_item_usage_features="swing">
    <!--WOOD-->
    <PieceUsages unavailable_usages="" />
    <BladeData sharpness="3" physics_material="wood_weapon" body_name="bo_spear_b">
      <Thrust damage_type="Pierce" damage_factor="3.8" />
    </BladeData>
  </CraftingPiece>
  <!-- #endregion -->
  <!-- #region Used Spear Guard Pieces -->
  <!-- #endregion -->
  <!-- #region Polearm Guard Pieces -->
  <!-- #endregion -->
  <!-- #region Used Spear Handle Pieces -->
  <!-- #endregion -->
  <!-- #region Used Javelin Handle Pieces -->
  <!-- #endregion -->
  <!-- #region Polearm Handle Pieces -->
  <!-- #endregion -->
  <!-- #region Used Spear Pommel Pieces -->
  <!-- #endregion -->
  <!-- #region Polearm Pommel Pieces -->
  <!-- #endregion -->
  <!-- #endregion -->
  <!-- #region Mace Pieces -->
  <!-- #region Used Mace Blade Pieces -->
  <CraftingPiece id="mace_head_22" name="{=lZoqaYmx}Spiked Club Head" tier="2" piece_type="Blade" mesh="mace_head_22" top_length="7.6" bottom_length="4.1" weight="0.8" full_scale="true">
    <PieceUsages unavailable_usages="" />
    <BladeData sharpness="3" physics_material="wood_weapon" body_name="bo_mace_a">
      <Thrust damage_type="Pierce" damage_factor="1.000" />
      <Swing damage_type="Blunt" damage_factor="2.3" />
    </BladeData>
    <Materials>
      <Material id="Iron2" count="2" />
    </Materials>
  </CraftingPiece>
  <CraftingPiece id="mace_head_23" name="{=L3vLdPJT}Improved Spiked Club Head" tier="2" piece_type="Blade" mesh="mace_head_23" top_length="15.4" bottom_length="8.2" weight="0.8" full_scale="true">
    <PieceUsages unavailable_usages="" />
    <BladeData sharpness="3" physics_material="wood_weapon" body_name="bo_mace_a">
      <Thrust damage_type="Pierce" damage_factor="1.25" />
      <Swing damage_type="Blunt" damage_factor="2.3" />
    </BladeData>
    <Materials>
      <Material id="Iron2" count="2" />
    </Materials>
  </CraftingPiece>
  <CraftingPiece id="mace_head_14" name="{=1e9OaUWk}Eastern Light Mace Head" tier="2" piece_type="Blade" mesh="mace_head_14" length="20.8" weight="1.2" full_scale="true">
    <PieceUsages unavailable_usages="" />
    <BladeData sharpness="3" physics_material="wood_weapon" body_name="bo_mace_a">
      <Thrust damage_type="Pierce" damage_factor="1.25" />
      <Swing damage_type="Blunt" damage_factor="2.3" />
    </BladeData>
    <Materials>
      <Material id="Iron2" count="2" />
    </Materials>
  </CraftingPiece>
  <CraftingPiece id="mace_head_5" name="{=0SpLcthg}Highland Spiked Club" tier="2" piece_type="Blade" mesh="mace_head_5" length="25.5" weight="1.0" full_scale="true">
    <PieceUsages unavailable_usages="" />
    <BladeData sharpness="3" physics_material="wood_weapon" body_name="bo_mace_a">
      <Thrust damage_type="Pierce" damage_factor="1.25" />
      <Swing damage_type="Blunt" damage_factor="2.3" />
    </BladeData>
    <Materials>
      <Material id="Iron2" count="2" />
      <Material id="Wood" count="1" />
    </Materials>
  </CraftingPiece>
  <CraftingPiece id="mace_head_9" name="{=mU8oVsFW}Morningstar Head" tier="3" piece_type="Blade" mesh="mace_head_9" length="16.7" weight="1.567" full_scale="true">
    <PieceUsages unavailable_usages="" />
    <BladeData sharpness="3" physics_material="wood_weapon" body_name="bo_mace_a">
      <Thrust damage_type="Pierce" damage_factor="2.125" />
      <Swing damage_type="Blunt" damage_factor="2.8" />
    </BladeData>
    <Materials>
      <Material id="Iron3" count="2" />
    </Materials>
  </CraftingPiece>
  <!-- #endregion -->
  <!-- #region Mace Blade Pieces -->
  <!-- #endregion -->
  <!-- #region Used Mace Handle Pieces -->
  <!-- #endregion -->
  <!-- #region Mace Handle Pieces -->
  <!-- #endregion -->
  <!-- #endregion -->
</CraftingPieces>