<?xml version="1.0" encoding="utf-8"?>
<Module>
	<Name value="Realistic Weapons" />
	<Id value="RealisticWeapons" />
	<Version value="v0.1.0" />
	<SingleplayerModule value="true" />
	<MultiplayerModule value="false" />
	<Official value="false" />
	<DependedModules>
		<DependedModule Id="Native" />
		<DependedModule Id="SandBoxCore" />
		<DependedModule Id="Sandbox" />
		<DependedModule Id="CustomBattle" />
		<DependedModule Id="StoryMode" />
	</DependedModules>
	<SubModules>
	</SubModules>
	<Xmls>
		<XmlNode>
			<XmlName id="CraftingPieces" path="modified_crafting_pieces" />
			<IncludedGameTypes>
				<GameType value="Campaign" />
				<GameType value="CampaignStoryMode" />
				<GameType value="CustomGame" />
			</IncludedGameTypes>
		</XmlNode>
	</Xmls>
</Module>